"Site","Month","AsyDal","BegCre","BucHis","ChlGla","ComBen","ComMac","CriBra","CroNan","CurOrc","CurCau","CyaFas","CyaTub","DesRac","ExaLaw","HabGra","HabHey","HabLon","OldSto","ImpBal","ImpDal","ImpLaw","IndDal","IsoLop","RosDif","LinMys","MurCro","MurSem","MurSim","AdeCoe","AdeMal","PinCon","RotDen","SenBom","SidAcu","SmiBig","SmiBla","SmiHir","ParDel","UtrMal","UtrGra","VigRad","VigVex","AdeInd","ApoSat","AriMur","CanDif","ChrCal","DipMon","DroInd","PorRet","FleGra","HabBra","HabSua","HypAur","ImpTom","IphSte","MurLan","NeaMon","PerDen","PogDec","RhaLon","RotFlo","SmiGra","StrGes","StrSes","VigSub","BurCoe","CerMed","GroTri","IpoPur","MolPen","PerGla","CurPse","HabRar","PerNep","CerSah","MalVer","ImpAca","MurBro","UtrStr","ChlBel","DisRhy","TetGra","DenNan","PorFil","MurVer"
"Rai","July",0,0,0,2,0,0,0,0,1,147,0,0,0,0,0,0,0,0,0,0,0,0,0,0,0,0,0,0,0,42,46,0,0,0,0,0,0,0,0,0,0,0,0,0,0,0,0,0,0,0,0,0,0,0,0,0,0,0,0,0,0,0,0,0,0,0,0,0,0,0,0,0,0,0,0,0,0,0,0,0,0,0,0,0,0,0
"Rai","Aug",0,0,0,15,0,0,0,0,1,390,0,3,0,0,0,1,0,0,0,13,0,0,0,22,0,0,0,3,22,48,76,0,1,0,0,0,0,0,0,0,0,0,0,0,0,0,0,0,0,0,0,0,0,0,0,0,0,0,0,0,0,0,0,0,0,0,0,0,0,0,0,0,0,0,0,0,0,0,0,0,0,0,0,0,0,0
"Rai","Sept",1,0,0,6,10,0,0,0,0,19,333,36,0,312,0,0,0,51,1,8,0,0,0,1094,103,22,3,35,0,6,1,0,782,0,1,0,251,1,250,0,0,1,0,0,0,0,0,0,0,0,0,0,0,0,0,0,0,0,0,0,0,0,0,0,0,0,0,0,0,0,0,0,0,0,0,0,0,0,0,0,0,0,0,0,0,0
"Rai","Oct",0,0,19,0,8,0,0,0,0,0,0,12,0,238,0,0,0,0,97,1,0,0,0,342,125,0,0,0,13,0,0,2,374,0,290,12,250,7,2,0,22,0,0,0,0,0,0,0,0,0,0,0,0,0,0,0,0,0,0,0,0,0,0,0,0,0,0,0,0,0,0,0,0,0,0,0,0,0,0,0,0,0,0,0,0,0
"Kas","July",0,0,0,3,0,0,0,0,0,5,0,0,0,0,1,0,0,0,0,0,0,0,0,0,0,0,0,0,0,0,0,0,0,0,0,0,0,0,0,0,0,0,0,27,1,0,0,0,0,0,0,0,0,0,0,4,0,0,0,0,0,0,0,0,0,0,0,0,0,0,0,0,0,0,0,0,0,0,0,0,0,0,0,0,0,0
"Kas","Aug",1,5,0,9,0,0,0,0,0,49,1,4,0,0,0,35,0,0,0,0,0,1,0,2,0,0,0,15,0,0,8,0,0,0,0,0,0,0,4,1,0,0,0,0,0,0,0,131,0,0,0,27,34,1,0,0,0,21,1,0,0,93,0,0,0,0,0,0,0,0,0,0,0,0,0,0,0,0,0,0,0,0,0,0,0,0
"Kas","Sept",5,0,0,3,1,0,0,0,0,0,655,32,0,72,0,7,0,1254,0,0,176,40,0,575,65,9,858,257,10,0,0,0,492,0,0,0,0,0,349,845,0,3,0,0,0,0,0,367,0,0,4,0,0,0,202,0,299,310,54,0,109,645,142,0,62,2,0,0,0,0,0,0,0,0,0,0,0,0,0,0,0,0,0,0,0,0
"Kas","Oct",2,0,0,0,0,0,0,0,0,0,188,19,2,52,0,0,0,15,0,0,18,28,54,365,439,3,585,268,12,0,0,0,791,4,27,0,317,6,22,566,0,3,0,0,0,1,0,20,0,0,0,0,0,0,160,0,147,45,6,0,131,2,7,1,47,11,0,0,0,0,0,0,0,0,0,0,0,0,0,0,0,0,0,0,0,0
"Raj","July",0,0,0,0,0,0,0,0,0,57,0,3,0,0,0,179,0,0,0,0,0,96,0,0,0,0,0,40,0,0,1,0,0,0,0,0,0,0,0,0,0,0,2,2,0,0,0,42,0,0,0,0,107,0,0,0,0,17,0,0,290,0,0,0,3,0,0,0,0,1,23,14,0,0,0,0,0,0,0,0,0,0,0,0,0,0
"Raj","Aug",0,0,0,0,0,0,0,0,0,6,0,5,0,0,0,319,0,0,0,0,0,120,0,4,0,0,12,50,0,0,59,0,5,0,0,0,0,0,0,0,0,0,3,0,0,0,0,110,0,0,0,0,199,0,0,0,6,133,0,0,149,0,0,0,4,0,0,0,0,1,92,16,0,0,0,0,0,0,0,0,0,0,0,0,0,0
"Raj","Sept",0,0,0,0,0,0,0,5,0,1,1250,6,0,37,0,31,0,924,0,0,132,286,0,0,417,0,1250,96,0,0,8,0,398,0,0,0,11,0,750,1000,0,0,10,0,0,0,0,24,1,0,0,0,0,0,2,0,16,266,3,150,95,24,84,0,13,0,0,0,0,1,301,18,0,0,0,0,0,0,0,0,0,0,0,0,0,0
"Raj","Oct",0,0,8,0,0,0,0,7,0,0,61,0,0,8,0,0,0,318,0,0,42,43,0,0,204,1,289,283,0,0,0,0,376,0,750,0,207,14,253,668,0,0,6,0,0,2,0,3,33,0,250,0,0,0,4,0,14,27,0,0,4,500,0,0,6,0,2,1,1,1,334,22,0,0,0,0,0,0,0,0,0,0,0,0,0,0
"Cha","July",0,0,0,15,0,0,0,0,0,0,0,0,0,0,3,0,0,0,0,0,0,0,0,0,0,0,0,0,0,0,0,0,0,0,0,0,0,0,0,0,0,0,0,14,0,0,5,0,0,0,0,0,0,2,0,0,0,0,0,0,0,0,0,0,0,0,0,0,0,0,0,0,0,0,0,0,0,0,0,0,0,0,0,0,0,0
"Cha","Aug",0,1,0,10,0,0,0,0,0,0,0,0,0,0,0,2,0,0,0,0,0,6,0,4,0,0,0,1,0,0,9,0,0,0,0,0,0,0,0,0,0,0,0,0,0,0,0,0,0,0,0,0,1,36,0,0,0,11,0,0,0,0,0,0,0,0,0,0,0,0,0,0,0,0,0,0,0,0,0,0,0,0,0,0,0,0
"Cha","Sept",0,31,0,7,0,0,0,0,0,0,40,0,0,0,0,0,1,474,0,0,17,12,0,423,0,0,164,5,0,0,29,0,9,0,0,0,0,0,628,36,0,0,0,0,0,0,0,0,0,0,0,0,0,29,233,0,1,788,0,274,2,852,4,0,0,0,0,0,0,0,0,0,0,12,20,0,0,0,0,0,0,0,0,0,0,0
"Cha","Oct",0,0,0,0,1,0,0,0,0,0,17,0,0,266,0,0,0,392,0,0,2,2,2,454,250,0,3,59,1,0,2,0,840,0,26,0,0,0,29,6,0,0,0,0,0,82,0,0,0,0,0,0,0,0,146,0,4,274,0,485,3,10,0,0,3,0,0,0,0,0,0,0,0,0,0,0,0,0,0,0,0,0,0,0,0,0
"Udg","July",0,70,0,0,0,0,1,0,0,0,0,0,0,0,0,0,0,0,0,0,0,0,0,0,0,0,0,0,0,0,0,0,0,0,0,0,0,0,0,0,0,0,0,13,0,0,0,0,0,77,0,0,11,26,0,0,0,0,0,0,0,0,0,0,0,0,0,0,0,0,0,0,2,0,0,7,140,0,0,0,0,0,0,0,0,0
"Udg","Aug",0,195,0,0,0,0,0,0,0,0,0,0,0,0,0,3,0,0,2,0,2,2,0,40,0,0,0,0,0,0,2,0,2,0,0,0,0,0,0,0,0,0,0,0,0,0,0,0,0,0,0,0,5,0,20,0,0,40,0,0,1,0,0,0,0,0,0,0,0,0,0,0,0,0,0,5,10,0,0,0,0,0,0,0,0,0
"Udg","Sept",0,2,0,0,0,0,0,0,0,0,6,0,0,172,0,0,0,90,5,0,0,50,0,486,34,142,25,0,0,0,0,0,189,0,17,0,303,0,270,343,0,0,0,0,0,25,0,0,0,0,0,0,0,0,280,0,0,368,0,750,297,755,1,0,25,0,0,0,0,0,0,0,0,0,0,0,0,0,0,0,0,0,0,0,0,0
"Udg","Oct",0,0,0,0,0,0,0,0,0,0,1,0,0,0,0,0,0,0,3,0,0,0,0,250,151,0,4,0,0,0,0,0,82,0,7,0,5,0,0,0,0,0,0,0,0,42,0,0,0,0,0,0,0,1,6,0,0,27,0,11,0,0,0,0,24,0,0,0,0,0,0,0,0,0,0,0,0,0,0,0,0,0,0,0,0,0
"Bor","July",0,2,0,0,0,0,0,0,0,0,0,0,0,0,0,0,0,0,0,0,0,11,0,0,0,0,0,0,0,0,0,0,0,0,0,0,0,0,0,0,0,0,0,0,0,0,0,0,0,0,0,0,0,56,0,0,0,0,0,0,0,0,0,0,0,0,0,0,0,0,0,0,0,0,0,0,0,0,0,0,0,0,0,0,0,0
"Bor","Aug",0,6,0,0,0,0,0,0,0,0,8,0,0,0,0,2,0,0,0,0,40,20,0,0,0,0,0,0,0,0,0,0,0,0,0,0,0,0,54,204,0,0,0,0,0,0,0,0,0,0,0,0,9,0,0,0,0,408,0,0,5,50,0,0,2,0,0,0,0,0,0,0,0,0,0,0,0,82,1,0,0,0,0,0,0,0
"Bor","Sept",0,0,0,0,0,0,0,0,0,0,12,0,0,28,0,1,0,0,0,0,10,34,0,430,180,0,0,0,0,0,0,0,389,0,75,0,439,0,1050,1178,0,0,0,0,0,0,0,0,0,0,0,0,0,0,8,0,0,513,0,580,58,1169,274,0,18,0,0,0,0,0,0,0,0,0,0,0,0,30,12,0,0,0,0,0,0,0
"Bor","Oct",0,0,0,0,0,0,0,0,0,0,0,0,0,50,0,0,0,0,0,0,1,16,0,254,32,0,0,0,0,0,0,0,198,0,137,0,158,8,300,378,0,0,0,0,0,20,0,0,0,0,0,0,0,0,2,0,0,4,0,393,2,326,13,1,9,0,0,0,0,0,0,0,0,0,0,0,0,0,6,0,0,0,0,0,0,0
"Kha","July",0,0,0,0,0,0,0,0,0,0,0,0,0,0,0,0,0,0,0,0,0,3,0,0,0,0,0,0,0,0,0,0,0,0,0,0,0,0,0,0,0,0,0,0,0,0,0,0,0,0,0,0,0,5,0,0,0,0,0,0,0,0,0,0,0,0,0,0,0,0,0,0,0,0,0,0,0,0,0,0,3,0,0,0,0,0
"Kha","Aug",0,133,0,0,0,0,0,0,0,0,0,0,0,14,0,32,0,0,0,0,241,0,0,5,0,0,84,1,19,0,0,0,118,0,0,0,0,0,715,460,0,0,0,0,2,0,0,0,0,0,0,0,0,0,464,0,0,460,0,0,23,575,0,0,0,0,0,0,0,0,0,0,0,13,0,0,0,335,0,3,0,2,14,0,0,0
"Kha","Sept",0,0,0,0,0,0,0,0,0,0,8,0,0,1131,0,0,0,855,407,0,472,0,0,37,0,14,1250,33,28,0,0,0,1175,0,124,0,231,0,89,1750,0,0,0,0,0,321,0,0,0,0,0,0,0,0,1028,0,2,750,0,355,0,754,34,0,1,0,0,0,0,0,0,0,0,0,0,0,0,0,16,0,0,5,5,0,0,0
"Kha","Oct",0,0,0,0,0,0,0,0,0,0,0,0,0,5,0,0,0,0,6,0,5,0,0,0,0,9,151,10,0,0,0,0,266,0,25,0,6,0,0,515,0,0,0,0,0,7,0,0,0,0,0,0,0,0,26,0,0,81,0,63,0,250,0,0,0,0,0,0,0,0,0,0,0,0,0,0,0,0,4,0,0,0,0,0,0,0
"Man","July",0,333,0,0,0,0,0,0,0,0,0,0,0,0,0,16,0,0,0,0,0,0,0,0,0,0,0,43,0,0,0,0,1,0,0,0,0,0,0,0,0,0,0,0,0,0,0,0,0,70,0,0,0,1,262,0,0,18,2,0,67,250,0,0,1,0,0,0,0,0,0,0,0,0,0,0,0,473,0,0,19,9,16,0,20,0
"Man","Aug",0,328,0,0,0,0,0,0,0,0,7,0,0,1,0,8,0,0,2,0,52,0,0,3,0,0,13,63,0,0,0,0,38,0,0,0,0,0,110,186,0,0,0,0,0,0,0,0,0,34,0,0,0,0,382,0,0,56,12,0,20,267,0,0,3,0,0,0,0,0,0,0,0,0,0,0,0,665,0,2,1,14,18,0,0,0
"Man","Sept",0,41,0,0,8,2,0,0,0,0,43,0,0,20,0,0,0,74,78,0,0,0,0,156,0,0,1123,250,11,0,0,0,1179,0,0,0,3,0,60,862,0,0,0,0,0,52,0,0,0,0,3,0,0,0,243,0,3,86,0,410,9,292,1,0,7,0,0,0,0,0,0,0,0,0,1,0,0,10,0,0,0,0,12,0,0,1
"Man","Oct",0,0,0,0,0,0,0,0,0,0,0,0,0,0,0,0,0,0,5,0,0,0,17,11,0,2,8,0,7,0,0,0,534,0,0,0,0,0,13,255,0,0,0,0,0,0,0,0,0,0,0,0,0,0,21,0,0,30,0,530,0,0,0,0,0,0,56,0,0,0,0,0,0,0,0,0,0,0,0,0,0,0,0,19,0,0
